Workbook
Name Slicer_CarCategory: #N/A
Name Slicer_company_names: #N/A
Name Slicer_PriceSegment: #N/A
Name Slicer_SeatCategory: #N/A

Sheet piv.tables
A1: car name | B1: price | D1: cars_prices | E1: (Multiple Items) | G1: company | H1: Average prices | J1: car name | S1: Row Labels | T1: AVG price | U1: AVG hourse power | W1: Acceleration (0–100 km/h, sec) | X1: (Multiple Items) | AA1: cars_names | AB1: company_names | AC1: AVG speed | AE1: fuel type | AF1: car count | AH1: fuel type | AI1: AVG car prices | AL1: car count | AM1: seat category | AT1: car ccount | AU1: car category | BB1: cars count | BC1: total prices | BD1: avg performance | BE1: avg hourse power | BF1: % Petrol
A2: chiron pur sport | G2: bugatti | H2: 5870000 | K2: Ultra Economy | L2: Economy | M2: Regular | N2: Premium | O2: Luxury | P2: Super Luxury | Q2: (blank) | S2: bugatti | T2: 5870000 | U2: 1565 | AA2: 911 carrera 4 | AB2: porsche | AC2: 293 | AE2: diesel | AF2: 145 | AH2: plug in hybrid | AI2: 176200 | AL2: company | AM2: Compact | AN2: Small | AO2: Family | AP2: Van/Bus | AT2: company | AU2: Economic Compact | AV2: Family Utility | AW2: Green Tech | AX2: Luxury Performance | AY2: Sports Car | AZ2: Other | BB2: 1348 | BC2: 172614729 | BD2: 7.659538 | BE2: 296.12249 | BF2: 0.72181009
A3: bugatti | B3: 3300000 | D3: car name | E3: price | G3: aston martin | H3: 752949.09 | J3: acura | M3: 9 | N3: 14 | O3: 4 | S3: aston martin | T3: 752949.09 | U3: 701.09091 | W3: cars_names | X3: company_names | Y3: Average of Acceleration (0–100 km/h, sec) | AA3: panamera 4s | AB3: porsche | AC3: 289 | AE3: electric | AF3: 103 | AH3: petrol | AI3: 148404.28 | AL3: acura | AM3: 4 | AO3: 23 | AT3: acura | AX3: 3 | AY3: 4 | AZ3: 20
A4: chiron noire | D4: tiago nrg | G4: lamborghini | H4: 650083.33 | J4: aston martin | O4: 7 | P4: 4 | S4: lamborghini | T4: 650083.33 | U4: 691.54167 | W4: roadster 2 | X4: tesla | Y4: 1.9 | AA4: macan gts | AB4: porsche | AC4: 272 | AE4: hybrid | AF4: 103 | AH4: hybrid | AI4: 125352.34 | AL4: aston martin | AM4: 7 | AN4: 3 | AO4: 1 | AT4: aston martin | AX4: 3 | AY4: 8
A5: bugatti | B5: 3300000 | D5: tata motors | E5: 9200 | G5: ferrari | H5: 512222.22 | J5: audi | M5: 5 | N5: 10 | O5: 6 | S5: ferrari | T5: 512222.22 | U5: 709.88889 | W5: model s plaid | X5: tesla | Y5: 2.1 | AA5: panamera platinum edition | AB5: porsche | AC5: 267.5 | AE5: Others | AF5: 24 | AH5: petrol hybrid | AI5: 118998.2 | AL5: audi | AM5: 3 | AN5: 2 | AO5: 16 | AT5: audi | AX5: 12 | AY5: 4 | AZ5: 5
A6: chiron super sport | D6: spiano | G6: rolls royce | H6: 390400 | J6: bentley | O6: 1 | S6: rolls royce | T6: 390400 | U6: 584 | W6: bolide | X6: bugatti | Y6: 2.2 | AA6: jaguar f type | AB6: jaguar land rover | AC6: 260 | AE6: petrol | AF6: 973 | AH6: electric | AI6: 66849.903 | AL6: bentley | AN6: 1 | AT6: bentley | AX6: 1
A7: bugatti | B7: 3500000 | D7: mazda | E7: 9000 | G7: bentley | H7: 311000 | J7: bmw | M7: 27 | N7: 7 | O7: 7 | S7: bentley | T7: 311000 | U7: 550 | W7: chiron pur sport | X7: bugatti | Y7: 2.3 | AA7: macan s | AB7: porsche | AC7: 259 | AH7: diesel hybrid | AI7: 55000 | AL7: bmw | AM7: 2 | AN7: 5 | AO7: 34 | AT7: bmw | AX7: 5 | AY7: 8 | AZ7: 28
A8: bolide | D8: carol p360 | G8: porsche | H8: 138389.58 | J8: bugatti | P8: 10 | S8: porsche | T8: 138389.58 | U8: 463.26042 | W8: chiron super sport | X8: bugatti | Y8: 2.4 | AA8: 508 pse peugeot sport engineered | AB8: peugeot | AC8: 250 | AH8: hydrogen | AI8: 46633.333 | AL8: bugatti | AM8: 10 | AT8: bugatti | AY8: 10
A9: bugatti | B9: 4500000 | D9: mazda | E9: 9000 | G9: mazda | H9: 90594.344 | J9: cadillac | M9: 8 | N9: 9 | O9: 3 | S9: mazda | T9: 90594.344 | U9: 156.72222 | W9: chiron sport | X9: bugatti | Y9: 2.4 | AA9: golf | AB9: volkswagen | AC9: 210 | AH9: hybrid gas + electric | AI9: 45795 | AL9: cadillac | AO9: 20 | AT9: cadillac | AX9: 10 | AY9: 2 | AZ9: 8
A10: veneno roadster | D10: tiago | G10: volvo | H10: 89333.333 | J10: chevrolet | L10: 4 | M10: 31 | N10: 21 | S10: volvo | T10: 89333.333 | U10: 379.2 | W10: divo | X10: bugatti | Y10: 2.4 | AA10: elantra | AB10: hyundai | AC10: 205 | AH10: plug in | AI10: 43000 | AL10: chevrolet | AM10: 3 | AN10: 3 | AO10: 44 | AP10: 6 | AT10: chevrolet | AU10: 4 | AW10: 4 | AX10: 17 | AY10: 4 | AZ10: 27
A11: lamborghini | B11: 4500000 | D11: tata motors | E11: 8200 | G11: tesla | H11: 87032 | J11: ferrari | O11: 7 | P11: 2 | S11: tesla | T11: 87032 | U11: 693.1 | W11: centodieci | X11: bugatti | Y11: 2.4 | AA11: polo bluemotion | AB11: volkswagen | AC11: 190 | AH11: diesel | AI11: 41418.724 | AL11: ferrari | AM11: 9 | AT11: ferrari | AY11: 9
A12: mistral | D12: indigo glx | G12: mercedes | H12: 84190.476 | J12: ford | L12: 3 | M12: 41 | N12: 26 | O12: 1 | S12: mercedes | T12: 84190.476 | U12: 432.85714 | W12: mistral | X12: bugatti | Y12: 2.4 | AH12: awd | AI12: 34500 | AL12: ford | AM12: 11 | AN12: 5 | AO12: 53 | AP12: 2 | AT12: ford | AU12: 3 | AV12: 3 | AW12: 1 | AX12: 21 | AY12: 4 | AZ12: 39
A13: bugatti | B13: 5000000 | D13: tata motors | E13: 7200 | G13: audi | H13: 82870.952 | J13: gmc | M13: 21 | N13: 28 | O13: 10 | S13: audi | T13: 82870.952 | U13: 393.19048 | W13: valkyrie | X13: aston martin | Y13: 2.5 | AH13: gas | AI13: 25210 | AL13: gmc | AN13: 3 | AO13: 45 | AP13: 11 | AT13: gmc | AX13: 30 | AY13: 7 | AZ13: 22
A14: divo | D14: indigo lx | G14: jaguar land rover | H14: 70400 | J14: honda | L14: 2 | M14: 7 | S14: jaguar land rover | T14: 70400 | U14: 348.12 | AH14: ev | AI14: 20500 | AL14: honda | AO14: 8 | AP14: 1 | AT14: honda | AU14: 1 | AZ14: 8
A15: bugatti | B15: 5800000 | D15: tata motors | E15: 7000 | G15: bmw | H15: 67317.073 | J15: hyundai | L15: 9 | M15: 17 | N15: 6 | S15: bmw | T15: 67317.073 | U15: 274.53659 | AH15: cng | AI15: 11800 | AL15: hyundai | AN15: 2 | AO15: 30 | AT15: hyundai | AU15: 7 | AV15: 2 | AW15: 5 | AZ15: 18
A16: 787b race car | D16: indigo ecs | G16: gmc | H16: 63293.475 | J16: jaguar land rover | M16: 2 | N16: 39 | O16: 9 | S16: gmc | T16: 63293.475 | U16: 398.54237 | AL16: jaguar land rover | AM16: 12 | AO16: 38 | AT16: jaguar land rover | AX16: 25 | AY16: 5 | AZ16: 20
A17: mazda | B17: 6000000 | D17: tata motors | E17: 6500 | G17: acura | H17: 63259.259 | J17: jeep | M17: 11 | N17: 7 | O17: 1 | S17: acura | T17: 63259.259 | U17: 311.03704 | AL17: jeep | AN17: 3 | AO17: 14 | AP17: 2 | AT17: jeep | AX17: 7 | AZ17: 12
A18: centodieci | D18: indica ev2 | G18: cadillac | H18: 62178.5 | J18: kia | L18: 4 | M18: 60 | N18: 12 | S18: cadillac | T18: 62178.5 | U18: 368.4 | AL18: kia | AO18: 71 | AP18: 5 | AT18: kia | AU18: 6 | AV18: 1 | AW18: 2 | AX18: 4 | AY18: 1 | AZ18: 62
A19: bugatti | B19: 9000000 | D19: tata motors | E19: 6200 | G19: nissan | H19: 59194.591 | J19: lamborghini | O19: 22 | P19: 2 | S19: nissan | T19: 59194.591 | U19: 245.33962 | AL19: lamborghini | AM19: 20 | AO19: 4 | AT19: lamborghini | AY19: 24
A20: la voiture noire | D20: indica v2 xeta | G20: jeep | H20: 51439.211 | J20: mahindra | L20: 2 | M20: 2 | S20: jeep | T20: 51439.211 | U20: 318.89474 | AL20: mahindra | AN20: 2 | AO20: 2 | AT20: mahindra | AZ20: 4
A21: bugatti | B21: 18000000 | D21: tata motors | E21: 5000 | G21: ford | H21: 50150.915 | J21: maruti suzuki | L21: 4 | S21: ford | T21: 50150.915 | U21: 308.26761 | AL21: maruti suzuki | AO21: 4 | AT21: maruti suzuki | AU21: 3 | AZ21: 1
D22: nano genx | G22: chevrolet | H22: 44816.964 | J22: mazda | K22: 2 | L22: 25 | M22: 60 | N22: 1 | P22: 1 | Q22: 1 | S22: chevrolet | T22: 44816.964 | U22: 303.71429 | AL22: mazda | AM22: 16 | AN22: 18 | AO22: 56 | AT22: mazda | AU22: 29 | AV22: 2 | AW22: 1 | AX22: 1 | AY22: 1 | AZ22: 56
D23: tata motors | E23: 4000 | G23: toyota | H23: 40998.688 | J23: mercedes | M23: 3 | N23: 9 | O23: 9 | S23: toyota | T23: 40998.688 | U23: 231.07812 | AL23: mercedes | AN23: 1 | AO23: 20 | AT23: mercedes | AX23: 12 | AY23: 4 | AZ23: 5
G24: kia | H24: 36131.579 | J24: mitsubishi | L24: 12 | M24: 50 | N24: 2 | S24: kia | T24: 36131.579 | U24: 217.52632 | AL24: mitsubishi | AM24: 4 | AN24: 7 | AO24: 53 | AT24: mitsubishi | AU24: 13 | AV24: 6 | AW24: 2 | AZ24: 43
G25: volkswagen | H25: 35551.317 | J25: nissan | L25: 26 | M25: 85 | N25: 35 | O25: 11 | P25: 2 | S25: volkswagen | T25: 35551.317 | U25: 187.69461 | AL25: nissan | AM25: 18 | AN25: 23 | AO25: 113 | AP25: 5 | AT25: nissan | AU25: 28 | AV25: 2 | AX25: 26 | AY25: 8 | AZ25: 95
G26: peugeot | H26: 35416.667 | J26: peugeot | M26: 49 | N26: 5 | S26: peugeot | T26: 35416.667 | U26: 180.12963 | AL26: peugeot | AN26: 4 | AO26: 50 | AT26: peugeot | AW26: 5 | AX26: 4 | AZ26: 45
G27: hyundai | H27: 30112.469 | J27: porsche | N27: 22 | O27: 73 | P27: 1 | S27: hyundai | T27: 30112.469 | U27: 193.375 | AL27: porsche | AM27: 17 | AN27: 57 | AO27: 22 | AT27: porsche | AX27: 46 | AY27: 42 | AZ27: 8
G28: mitsubishi | H28: 28820.312 | J28: rolls royce | O28: 30 | S28: mitsubishi | T28: 28820.312 | U28: 148.07812 | AL28: rolls royce | AN28: 14 | AO28: 16 | AT28: rolls royce | AX28: 30
G29: honda | H29: 27883.333 | J29: tata motors | K29: 15 | L29: 13 | M29: 6 | S29: honda | T29: 27883.333 | U29: 194.22222 | AL29: tata motors | AN29: 1 | AO29: 33 | AT29: tata motors | AU29: 15 | AW29: 4 | AZ29: 15
G30: mahindra | H30: 18900 | J30: tesla | M30: 2 | N30: 4 | O30: 4 | S30: mahindra | T30: 18900 | U30: 148.75 | AL30: tesla | AN30: 1 | AO30: 9 | AT30: tesla | AW30: 2 | AX30: 1 | AY30: 7
G31: tata motors | H31: 12129.412 | J31: toyota | L31: 2 | M31: 44 | N31: 16 | O31: 1 | Q31: 1 | S31: tata motors | T31: 12129.412 | U31: 95.529412 | AL31: toyota | AM31: 3 | AN31: 3 | AO31: 57 | AP31: 1 | AT31: toyota | AU31: 2 | AV31: 6 | AW31: 4 | AX31: 6 | AZ31: 46
G32: maruti suzuki | H32: 11900 | J32: volkswagen | L32: 14 | M32: 127 | N32: 25 | O32: 1 | S32: maruti suzuki | T32: 11900 | U32: 88 | AL32: volkswagen | AM32: 4 | AN32: 26 | AO32: 135 | AP32: 2 | AT32: volkswagen | AU32: 14 | AW32: 18 | AX32: 7 | AZ32: 128
J33: volvo | N33: 8 | O33: 7 | AL33: volvo | AM33: 9 | AO33: 6 | AT33: volvo | AX33: 7 | AZ33: 8

Sheet dashboard
P8: top 10 avg speed | T8: top 10 acceleration
P9: company | Q9: car | R9: AVG speed | T9: company | U9: car | V9: Acc
P10: =piv.tables!AB2 -> porsche | Q10: =piv.tables!AA2 -> 911 carrera 4 | R10: =piv.tables!AC2 -> 293 | T10: =piv.tables!X4 -> tesla | U10: =piv.tables!W4 -> roadster 2 | V10: =piv.tables!Y4 -> 1.9
P11: =piv.tables!AB3 -> porsche | Q11: =piv.tables!AA3 -> panamera 4s | R11: =piv.tables!AC3 -> 289 | T11: =piv.tables!X5 -> tesla | U11: =piv.tables!W5 -> model s plaid | V11: =piv.tables!Y5 -> 2.1
P12: =piv.tables!AB4 -> porsche | Q12: =piv.tables!AA4 -> macan gts | R12: =piv.tables!AC4 -> 272 | T12: =piv.tables!X6 -> bugatti | U12: =piv.tables!W6 -> bolide | V12: =piv.tables!Y6 -> 2.2
P13: =piv.tables!AB5 -> porsche | Q13: =piv.tables!AA5 -> panamera platinum edition | R13: =piv.tables!AC5 -> 267.5 | T13: =piv.tables!X7 -> bugatti | U13: =piv.tables!W7 -> chiron pur sport | V13: =piv.tables!Y7 -> 2.3
P14: =piv.tables!AB6 -> jaguar land rover | Q14: =piv.tables!AA6 -> jaguar f type | R14: =piv.tables!AC6 -> 260 | T14: =piv.tables!X8 -> bugatti | U14: =piv.tables!W8 -> chiron super sport | V14: =piv.tables!Y8 -> 2.4
P15: =piv.tables!AB7 -> porsche | Q15: =piv.tables!AA7 -> macan s | R15: =piv.tables!AC7 -> 259 | T15: =piv.tables!X9 -> bugatti | U15: =piv.tables!W9 -> chiron sport | V15: =piv.tables!Y9 -> 2.4
P16: =piv.tables!AB8 -> peugeot | Q16: =piv.tables!AA8 -> 508 pse peugeot sport engineered | R16: =piv.tables!AC8 -> 250 | T16: =piv.tables!X10 -> bugatti | U16: =piv.tables!W10 -> divo | V16: =piv.tables!Y10 -> 2.4
P17: =piv.tables!AB9 -> volkswagen | Q17: =piv.tables!AA9 -> golf | R17: =piv.tables!AC9 -> 210 | T17: =piv.tables!X11 -> bugatti | U17: =piv.tables!W11 -> centodieci | V17: =piv.tables!Y11 -> 2.4
P18: =piv.tables!AB10 -> hyundai | Q18: =piv.tables!AA10 -> elantra | R18: =piv.tables!AC10 -> 205 | T18: =piv.tables!X12 -> bugatti | U18: =piv.tables!W12 -> mistral | V18: =piv.tables!Y12 -> 2.4
P19: =piv.tables!AB11 -> volkswagen | Q19: =piv.tables!AA11 -> polo bluemotion | R19: =piv.tables!AC11 -> 190 | T19: =piv.tables!X13 -> aston martin | U19: =piv.tables!W13 -> valkyrie | V19: =piv.tables!Y13 -> 2.5

Sheet segments dashboard
